training,subset_size,fold,order_index,macro_f1
random-order trained,2,0,0,0.5496276063379794
random-order trained,2,0,1,0.5659518718817911
random-order trained,2,1,0,0.4327143478330503
random-order trained,2,1,1,0.437898028945405
random-order trained,2,2,0,0.4605326022347723
random-order trained,2,2,1,0.46166301010229516
random-order trained,3,0,0,0.6797173375160954
random-order trained,3,0,1,0.6792411977377373
random-order trained,3,0,2,0.6800503568881371
random-order trained,3,0,3,0.6825459812828302
random-order trained,3,0,4,0.6750723916720685
random-order trained,3,0,5,0.6758285180237815
random-order trained,3,1,0,0.6700962965828511
random-order trained,3,1,1,0.6701251404133132
random-order trained,3,1,2,0.6786811590537009
random-order trained,3,1,3,0.6826221246745925
random-order trained,3,1,4,0.6680077133766156
random-order trained,3,1,5,0.670928390224951
random-order trained,3,2,0,0.6340615650440202
random-order trained,3,2,1,0.6315149850373083
random-order trained,3,2,2,0.6385091319595688
random-order trained,3,2,3,0.6388072323737491
random-order trained,3,2,4,0.6312648254258535
random-order trained,3,2,5,0.6318052756609506
random-order trained,4,0,0,0.6684894523693499
random-order trained,4,0,1,0.6651423632215957
random-order trained,4,0,2,0.6684894523693499
random-order trained,4,0,3,0.670464208048372
random-order trained,4,0,4,0.6685181512904426
random-order trained,4,0,5,0.6717910597355022
random-order trained,4,0,6,0.6703002935810622
random-order trained,4,0,7,0.669342809567949
random-order trained,4,0,8,0.6696769095351467
random-order trained,4,0,9,0.6678438492254218
random-order trained,4,0,10,0.6692606731586221
random-order trained,4,0,11,0.6650808759337923
random-order trained,4,0,12,0.6634806913602789
random-order trained,4,0,13,0.6614741408974214
random-order trained,4,0,14,0.6619639105993615
random-order trained,4,0,15,0.6599398940758318
random-order trained,4,0,16,0.6634473356994948
random-order trained,4,0,17,0.6627220800287903
random-order trained,4,0,18,0.6670825430360579
random-order trained,4,0,19,0.6663774403039662
random-order trained,4,0,20,0.6692450032172308
random-order trained,4,0,21,0.6687070404150901
random-order trained,4,0,22,0.6643569226213321
random-order trained,4,0,23,0.666666103840176
random-order trained,4,1,0,0.6848494883317933
random-order trained,4,1,1,0.6857009170877784
random-order trained,4,1,2,0.6864560617781521
random-order trained,4,1,3,0.6864560617781521
random-order trained,4,1,4,0.6839495096360841
random-order trained,4,1,5,0.6882541364122662
random-order trained,4,1,6,0.6999402828859248
random-order trained,4,1,7,0.7016061347716593
random-order trained,4,1,8,0.7050371303076858
random-order trained,4,1,9,0.7028663976602263
random-order trained,4,1,10,0.7018821456917222
random-order trained,4,1,11,0.7028663976602263
random-order trained,4,1,12,0.6973516479636712
random-order trained,4,1,13,0.6980065502624168
random-order trained,4,1,14,0.700895906117005
random-order trained,4,1,15,0.7001059822421283
random-order trained,4,1,16,0.6979661780157103
random-order trained,4,1,17,0.6979661780157103
random-order trained,4,1,18,0.6921039764952817
random-order trained,4,1,19,0.687603277357793
random-order trained,4,1,20,0.698752139833233
random-order trained,4,1,21,0.6988289896109622
random-order trained,4,1,22,0.7002717361358632
random-order trained,4,1,23,0.7002533690797371
random-order trained,4,2,0,0.6389976821958995
random-order trained,4,2,1,0.6401723778657806
random-order trained,4,2,2,0.6359474735190002
random-order trained,4,2,3,0.6396244971441127
random-order trained,4,2,4,0.6385961574646206
random-order trained,4,2,5,0.6379162278323571
random-order trained,4,2,6,0.6417495222582041
random-order trained,4,2,7,0.6417495222582041
random-order trained,4,2,8,0.6424930984494415
random-order trained,4,2,9,0.6434363234360301
random-order trained,4,2,10,0.6405322072360431
random-order trained,4,2,11,0.640851473457791
random-order trained,4,2,12,0.6369035053203415
random-order trained,4,2,13,0.6349590941535816
random-order trained,4,2,14,0.6359278556661161
random-order trained,4,2,15,0.6375769665897837
random-order trained,4,2,16,0.6360325745637829
random-order trained,4,2,17,0.63680886090722
random-order trained,4,2,18,0.6406472384821753
random-order trained,4,2,19,0.638998102416717
random-order trained,4,2,20,0.6409911498243045
random-order trained,4,2,21,0.6413013282517972
random-order trained,4,2,22,0.6386377645956675
random-order trained,4,2,23,0.6385441803062797
random-order trained,5,0,0,0.6655684483495601
random-order trained,5,0,1,0.6708081910124486
random-order trained,5,0,2,0.672017429877299
random-order trained,5,0,3,0.6710991788145153
random-order trained,5,0,4,0.669062061054426
random-order trained,5,0,5,0.6657184767413251
random-order trained,5,0,6,0.6712255704101516
random-order trained,5,0,7,0.6767920751494678
random-order trained,5,0,8,0.6771052714204289
random-order trained,5,0,9,0.6766030464491652
random-order trained,5,0,10,0.6717533421531765
random-order trained,5,0,11,0.6657184767413251
random-order trained,5,0,12,0.6762341050365829
random-order trained,5,0,13,0.6696929298108307
random-order trained,5,0,14,0.6700214514256939
random-order trained,5,0,15,0.6750513813766825
random-order trained,5,0,16,0.6710283043431778
random-order trained,5,0,17,0.6789702881072001
random-order trained,5,0,18,0.6710991788145153
random-order trained,5,0,19,0.6715449775608197
random-order trained,5,0,20,0.6720553918781575
random-order trained,5,0,21,0.6684499730547595
random-order trained,5,0,22,0.6791099531490161
random-order trained,5,0,23,0.6706664674555307
random-order trained,5,1,0,0.6885823612041695
random-order trained,5,1,1,0.688051292040499
random-order trained,5,1,2,0.6689395428964102
random-order trained,5,1,3,0.6628426955106017
random-order trained,5,1,4,0.6845282211697767
random-order trained,5,1,5,0.6885823612041695
random-order trained,5,1,6,0.6766835623719742
random-order trained,5,1,7,0.6602909052798693
random-order trained,5,1,8,0.6843019201019476
random-order trained,5,1,9,0.6897834588506676
random-order trained,5,1,10,0.6868100884518752
random-order trained,5,1,11,0.6860545132858447
random-order trained,5,1,12,0.6602909052798693
random-order trained,5,1,13,0.6845608007858982
random-order trained,5,1,14,0.6777456998467932
random-order trained,5,1,15,0.6607251067346096
random-order trained,5,1,16,0.6810452366151263
random-order trained,5,1,17,0.6879667970767219
random-order trained,5,1,18,0.6612386743328451
random-order trained,5,1,19,0.6798578779710854
random-order trained,5,1,20,0.6538783389846968
random-order trained,5,1,21,0.6897499821113778
random-order trained,5,1,22,0.6859467116463173
random-order trained,5,1,23,0.6842225196530225
random-order trained,5,2,0,0.6414472819026301
random-order trained,5,2,1,0.6377551558678917
random-order trained,5,2,2,0.6394944727138507
random-order trained,5,2,3,0.6395951240102412
random-order trained,5,2,4,0.6425515649626631
random-order trained,5,2,5,0.6403465419170974
random-order trained,5,2,6,0.6367299991536041
random-order trained,5,2,7,0.6396536889256506
random-order trained,5,2,8,0.6447657795238759
random-order trained,5,2,9,0.6374284439726619
random-order trained,5,2,10,0.6412142596448784
random-order trained,5,2,11,0.6402136322244729
random-order trained,5,2,12,0.6379317376392794
random-order trained,5,2,13,0.6421242313379674
random-order trained,5,2,14,0.6379119789390002
random-order trained,5,2,15,0.6398688539577793
random-order trained,5,2,16,0.6417511762783009
random-order trained,5,2,17,0.6392063997255726
random-order trained,5,2,18,0.6398453549661894
random-order trained,5,2,19,0.6367299991536041
random-order trained,5,2,20,0.6390194335185762
random-order trained,5,2,21,0.6380071979759792
random-order trained,5,2,22,0.639247012364019
random-order trained,5,2,23,0.6417511762783009
random-order trained,6,0,0,0.6859515021570325
random-order trained,6,0,1,0.6990230036252073
random-order trained,6,0,2,0.6985333866109367
random-order trained,6,0,3,0.6892293092231918
random-order trained,6,0,4,0.6990230036252073
random-order trained,6,0,5,0.6990230036252073
random-order trained,6,0,6,0.6897195320651845
random-order trained,6,0,7,0.696076441033172
random-order trained,6,0,8,0.702499618208341
random-order trained,6,0,9,0.7007934733044697
random-order trained,6,0,10,0.6902113258448689
random-order trained,6,0,11,0.7008555581323727
random-order trained,6,0,12,0.690653677745509
random-order trained,6,0,13,0.6902113258448689
random-order trained,6,0,14,0.6893584320810529
random-order trained,6,0,15,0.6983609624333289
random-order trained,6,0,16,0.6910622952739238
random-order trained,6,0,17,0.6861945355334447
random-order trained,6,0,18,0.6851187412504492
random-order trained,6,0,19,0.6909468673544165
random-order trained,6,0,20,0.6905543468055257
random-order trained,6,0,21,0.6860305375706552
random-order trained,6,0,22,0.698470915056045
random-order trained,6,0,23,0.6983609624333289
random-order trained,6,1,0,0.6697479737750007
random-order trained,6,1,1,0.6628732666896514
random-order trained,6,1,2,0.6688028085352914
random-order trained,6,1,3,0.6528413967604174
random-order trained,6,1,4,0.6628732666896514
random-order trained,6,1,5,0.6628732666896514
random-order trained,6,1,6,0.6496819968662503
random-order trained,6,1,7,0.6615102247491735
random-order trained,6,1,8,0.6719111689814815
random-order trained,6,1,9,0.668986109029521
random-order trained,6,1,10,0.6509375286014865
random-order trained,6,1,11,0.670864214305962
random-order trained,6,1,12,0.6621974237661823
random-order trained,6,1,13,0.6480382565018465
random-order trained,6,1,14,0.644743441570981
random-order trained,6,1,15,0.6711782005934156
random-order trained,6,1,16,0.6528562110631213
random-order trained,6,1,17,0.6646172494273246
random-order trained,6,1,18,0.6715094942016581
random-order trained,6,1,19,0.6646855275917691
random-order trained,6,1,20,0.6519021180448659
random-order trained,6,1,21,0.661508725444354
random-order trained,6,1,22,0.6679880627440204
random-order trained,6,1,23,0.6711782005934156
random-order trained,6,2,0,0.6609196581336425
random-order trained,6,2,1,0.6733096887545365
random-order trained,6,2,2,0.6676174247633453
random-order trained,6,2,3,0.6630964131861148
random-order trained,6,2,4,0.6730187665267158
random-order trained,6,2,5,0.674715900234285
random-order trained,6,2,6,0.6627333673344162
random-order trained,6,2,7,0.6703734796754597
random-order trained,6,2,8,0.6647295818669694
random-order trained,6,2,9,0.6729671840390258
random-order trained,6,2,10,0.6609789302918495
random-order trained,6,2,11,0.667129742747282
random-order trained,6,2,12,0.6670232523045949
random-order trained,6,2,13,0.6614026157723281
random-order trained,6,2,14,0.6630205754803116
random-order trained,6,2,15,0.6699339125872126
random-order trained,6,2,16,0.6619272350891038
random-order trained,6,2,17,0.6674933286788876
random-order trained,6,2,18,0.6625161939459521
random-order trained,6,2,19,0.6666818734440271
random-order trained,6,2,20,0.6615330335977523
random-order trained,6,2,21,0.665063014313555
random-order trained,6,2,22,0.6687774871050443
random-order trained,6,2,23,0.6702724060836064
fixed-order trained,2,0,0,0.43933494207094126
fixed-order trained,2,0,1,0.47006411455537417
fixed-order trained,2,1,0,0.4188148580546588
fixed-order trained,2,1,1,0.4390583133642888
fixed-order trained,2,2,0,0.3922483415900348
fixed-order trained,2,2,1,0.42098094272899994
fixed-order trained,3,0,0,0.5929391279938905
fixed-order trained,3,0,1,0.5977637201947126
fixed-order trained,3,0,2,0.6407124850353625
fixed-order trained,3,0,3,0.6387137942801758
fixed-order trained,3,0,4,0.6154873339526569
fixed-order trained,3,0,5,0.6146450094909
fixed-order trained,3,1,0,0.6116876342234201
fixed-order trained,3,1,1,0.6037250154309901
fixed-order trained,3,1,2,0.663040836245553
fixed-order trained,3,1,3,0.6881866484567795
fixed-order trained,3,1,4,0.6846415205824601
fixed-order trained,3,1,5,0.683267795926598
fixed-order trained,3,2,0,0.5983765303005675
fixed-order trained,3,2,1,0.5902055944263912
fixed-order trained,3,2,2,0.6359295380177346
fixed-order trained,3,2,3,0.6384530949571928
fixed-order trained,3,2,4,0.6076340586917284
fixed-order trained,3,2,5,0.6101378507899915
fixed-order trained,4,0,0,0.5782299381489949
fixed-order trained,4,0,1,0.5697860878220071
fixed-order trained,4,0,2,0.5870558679628002
fixed-order trained,4,0,3,0.5868120473074581
fixed-order trained,4,0,4,0.5693006766718715
fixed-order trained,4,0,5,0.5744113601264931
fixed-order trained,4,0,6,0.6413154146745541
fixed-order trained,4,0,7,0.6414871782578663
fixed-order trained,4,0,8,0.6388013669815162
fixed-order trained,4,0,9,0.638547403125129
fixed-order trained,4,0,10,0.6419431393571053
fixed-order trained,4,0,11,0.6461150587146791
fixed-order trained,4,0,12,0.6137295151379658
fixed-order trained,4,0,13,0.6126259680188461
fixed-order trained,4,0,14,0.6137295151379658
fixed-order trained,4,0,15,0.6145795928560255
fixed-order trained,4,0,16,0.6137295151379658
fixed-order trained,4,0,17,0.616323439422302
fixed-order trained,4,0,18,0.6049543083096013
fixed-order trained,4,0,19,0.6086962314341245
fixed-order trained,4,0,20,0.6152434117924661
fixed-order trained,4,0,21,0.6202297422139863
fixed-order trained,4,0,22,0.6240100514349911
fixed-order trained,4,0,23,0.627381470366869
fixed-order trained,4,1,0,0.6291349417790686
fixed-order trained,4,1,1,0.6276717851044866
fixed-order trained,4,1,2,0.6098904699893128
fixed-order trained,4,1,3,0.6047444904228824
fixed-order trained,4,1,4,0.6110823877252707
fixed-order trained,4,1,5,0.6053978145108603
fixed-order trained,4,1,6,0.6971146323643229
fixed-order trained,4,1,7,0.6994552253390558
fixed-order trained,4,1,8,0.6966274832007359
fixed-order trained,4,1,9,0.695655598618469
fixed-order trained,4,1,10,0.6959232612647517
fixed-order trained,4,1,11,0.6958162316047711
fixed-order trained,4,1,12,0.6747868537438143
fixed-order trained,4,1,13,0.6739787084424179
fixed-order trained,4,1,14,0.6812055568879438
fixed-order trained,4,1,15,0.6775313944954224
fixed-order trained,4,1,16,0.6735206598028836
fixed-order trained,4,1,17,0.6755265347953312
fixed-order trained,4,1,18,0.6706954073766602
fixed-order trained,4,1,19,0.6652532459413973
fixed-order trained,4,1,20,0.6802943023883515
fixed-order trained,4,1,21,0.6941177364938167
fixed-order trained,4,1,22,0.6882892598741986
fixed-order trained,4,1,23,0.6876401883693074
fixed-order trained,4,2,0,0.5972317340802152
fixed-order trained,4,2,1,0.5957804505265845
fixed-order trained,4,2,2,0.5888843597140349
fixed-order trained,4,2,3,0.5944665712909374
fixed-order trained,4,2,4,0.5928865565349204
fixed-order trained,4,2,5,0.582247367625121
fixed-order trained,4,2,6,0.6424575932659
fixed-order trained,4,2,7,0.6358116328755079
fixed-order trained,4,2,8,0.6480138445968437
fixed-order trained,4,2,9,0.6423438922801998
fixed-order trained,4,2,10,0.6372779842870179
fixed-order trained,4,2,11,0.6404122339725506
fixed-order trained,4,2,12,0.596122337172896
fixed-order trained,4,2,13,0.5949863240507985
fixed-order trained,4,2,14,0.5983100876002511
fixed-order trained,4,2,15,0.5976783524998026
fixed-order trained,4,2,16,0.5935590295165085
fixed-order trained,4,2,17,0.5945838232956666
fixed-order trained,4,2,18,0.5881923931352052
fixed-order trained,4,2,19,0.5818273797802387
fixed-order trained,4,2,20,0.6013850251304687
fixed-order trained,4,2,21,0.5996632808844338
fixed-order trained,4,2,22,0.594175036477915
fixed-order trained,4,2,23,0.5948079478703201
fixed-order trained,5,0,0,0.620900220857588
fixed-order trained,5,0,1,0.6252525110527412
fixed-order trained,5,0,2,0.6203780135698369
fixed-order trained,5,0,3,0.5785066253386975
fixed-order trained,5,0,4,0.6274133656477265
fixed-order trained,5,0,5,0.621905426777736
fixed-order trained,5,0,6,0.6168770201428868
fixed-order trained,5,0,7,0.5680216166690852
fixed-order trained,5,0,8,0.6421981947311988
fixed-order trained,5,0,9,0.6439218890847871
fixed-order trained,5,0,10,0.639965116470341
fixed-order trained,5,0,11,0.6211854249223223
fixed-order trained,5,0,12,0.5729519991487293
fixed-order trained,5,0,13,0.6189816374231287
fixed-order trained,5,0,14,0.6194829229676981
fixed-order trained,5,0,15,0.5688013812558947
fixed-order trained,5,0,16,0.6219257631254641
fixed-order trained,5,0,17,0.6400760924231933
fixed-order trained,5,0,18,0.5689058089297606
fixed-order trained,5,0,19,0.6149283588339989
fixed-order trained,5,0,20,0.5866425809362654
fixed-order trained,5,0,21,0.6213866302467624
fixed-order trained,5,0,22,0.6401872477746596
fixed-order trained,5,0,23,0.6247574855699979
fixed-order trained,5,1,0,0.6856412994733215
fixed-order trained,5,1,1,0.6743520461766954
fixed-order trained,5,1,2,0.6597569553429665
fixed-order trained,5,1,3,0.6206798775828759
fixed-order trained,5,1,4,0.6765677086782169
fixed-order trained,5,1,5,0.6864344708562614
fixed-order trained,5,1,6,0.6625116463095557
fixed-order trained,5,1,7,0.6177914313734347
fixed-order trained,5,1,8,0.6945767298239689
fixed-order trained,5,1,9,0.698412182414097
fixed-order trained,5,1,10,0.7058897543524476
fixed-order trained,5,1,11,0.6840224232269234
fixed-order trained,5,1,12,0.6079042055007531
fixed-order trained,5,1,13,0.6798696382442154
fixed-order trained,5,1,14,0.6626529265935528
fixed-order trained,5,1,15,0.6089706256945748
fixed-order trained,5,1,16,0.6925613275110564
fixed-order trained,5,1,17,0.6944969846239859
fixed-order trained,5,1,18,0.6196131780517358
fixed-order trained,5,1,19,0.6573218346232589
fixed-order trained,5,1,20,0.6067670196124528
fixed-order trained,5,1,21,0.6862665120708932
fixed-order trained,5,1,22,0.6995760337297788
fixed-order trained,5,1,23,0.6904855467391199
fixed-order trained,5,2,0,0.60975350658349
fixed-order trained,5,2,1,0.6225379475916435
fixed-order trained,5,2,2,0.6081765017377994
fixed-order trained,5,2,3,0.593575451017714
fixed-order trained,5,2,4,0.6141358467868702
fixed-order trained,5,2,5,0.6104490629809208
fixed-order trained,5,2,6,0.5972490176670429
fixed-order trained,5,2,7,0.5912740946444174
fixed-order trained,5,2,8,0.6531932327306387
fixed-order trained,5,2,9,0.6461933020690638
fixed-order trained,5,2,10,0.6508652922140343
fixed-order trained,5,2,11,0.6111363415577347
fixed-order trained,5,2,12,0.5915917828617191
fixed-order trained,5,2,13,0.608653348815754
fixed-order trained,5,2,14,0.5909313741412817
fixed-order trained,5,2,15,0.5935792542509202
fixed-order trained,5,2,16,0.5971586164324146
fixed-order trained,5,2,17,0.6409633959283725
fixed-order trained,5,2,18,0.5942268277938595
fixed-order trained,5,2,19,0.5953690692810398
fixed-order trained,5,2,20,0.5860114154903744
fixed-order trained,5,2,21,0.6263932818021607
fixed-order trained,5,2,22,0.6454604496812232
fixed-order trained,5,2,23,0.5995705812233183
fixed-order trained,6,0,0,0.6410049789381517
fixed-order trained,6,0,1,0.6674704136221964
fixed-order trained,6,0,2,0.6388102636205748
fixed-order trained,6,0,3,0.5980666930479346
fixed-order trained,6,0,4,0.6665019803313582
fixed-order trained,6,0,5,0.6701514559902146
fixed-order trained,6,0,6,0.5835795144962337
fixed-order trained,6,0,7,0.6765530162269292
fixed-order trained,6,0,8,0.6541597408194046
fixed-order trained,6,0,9,0.6720454254323065
fixed-order trained,6,0,10,0.6098770499778644
fixed-order trained,6,0,11,0.6557162396889089
fixed-order trained,6,0,12,0.6641932250971283
fixed-order trained,6,0,13,0.6048485733899485
fixed-order trained,6,0,14,0.6044796543783884
fixed-order trained,6,0,15,0.6547673426911267
fixed-order trained,6,0,16,0.6074408641941269
fixed-order trained,6,0,17,0.6602425735155261
fixed-order trained,6,0,18,0.6464138623664886
fixed-order trained,6,0,19,0.6553651605129732
fixed-order trained,6,0,20,0.5870870690808626
fixed-order trained,6,0,21,0.6570798678579297
fixed-order trained,6,0,22,0.641338683478723
fixed-order trained,6,0,23,0.6496689207479053
fixed-order trained,6,1,0,0.6797777542274629
fixed-order trained,6,1,1,0.7126999915415304
fixed-order trained,6,1,2,0.6747240454083052
fixed-order trained,6,1,3,0.6214094786398313
fixed-order trained,6,1,4,0.7150646816950729
fixed-order trained,6,1,5,0.7079581173973739
fixed-order trained,6,1,6,0.625590071569971
fixed-order trained,6,1,7,0.7136981831589975
fixed-order trained,6,1,8,0.697531727185364
fixed-order trained,6,1,9,0.7209968533810244
fixed-order trained,6,1,10,0.6128225436614185
fixed-order trained,6,1,11,0.6898346586256133
fixed-order trained,6,1,12,0.6807725504206364
fixed-order trained,6,1,13,0.6293869847812351
fixed-order trained,6,1,14,0.6313557998827941
fixed-order trained,6,1,15,0.7033121331072248
fixed-order trained,6,1,16,0.6128225436614185
fixed-order trained,6,1,17,0.6887000426795988
fixed-order trained,6,1,18,0.6766401979184429
fixed-order trained,6,1,19,0.6687188880523058
fixed-order trained,6,1,20,0.6262648636948883
fixed-order trained,6,1,21,0.6708853316114411
fixed-order trained,6,1,22,0.6781849551414769
fixed-order trained,6,1,23,0.7030783027526666
fixed-order trained,6,2,0,0.6065964681246768
fixed-order trained,6,2,1,0.6550080190028857
fixed-order trained,6,2,2,0.6083084129884313
fixed-order trained,6,2,3,0.5947622649097818
fixed-order trained,6,2,4,0.6547175683842076
fixed-order trained,6,2,5,0.6529347099388514
fixed-order trained,6,2,6,0.6013307682959668
fixed-order trained,6,2,7,0.6659048080136106
fixed-order trained,6,2,8,0.6141648857447857
fixed-order trained,6,2,9,0.659054013935388
fixed-order trained,6,2,10,0.5908938131368022
fixed-order trained,6,2,11,0.6189378602501261
fixed-order trained,6,2,12,0.6374133320872377
fixed-order trained,6,2,13,0.5946822004789083
fixed-order trained,6,2,14,0.5925182780526237
fixed-order trained,6,2,15,0.6075708851033526
fixed-order trained,6,2,16,0.591729717191421
fixed-order trained,6,2,17,0.6244861672251154
fixed-order trained,6,2,18,0.604116873120815
fixed-order trained,6,2,19,0.6310911471728243
fixed-order trained,6,2,20,0.6051197562511105
fixed-order trained,6,2,21,0.6350566256948884
fixed-order trained,6,2,22,0.6115459903678973
fixed-order trained,6,2,23,0.6068144768028669
